{
    "BTC": 0.00012038,
    "ETH": 0.00010000000000000005,
    "BNB": 0.01371047,
    "USDT": 197.31415383
}