{
    "BTC": 0.00012038,
    "ETH": 0.002,
    "BNB": 0.01371047,
    "USDT": 189.88610383
}