{
    "BTC": 0.00012038,
    "ETH": 0.0008000000000000001,
    "BNB": 0.01371047,
    "USDT": 194.69666383
}